--
-- PostgreSQL database dump
--

-- Dumped from database version 16.4
-- Dumped by pg_dump version 16.4

SET statement_timeout = 0;
SET lock_timeout = 0;
SET idle_in_transaction_session_timeout = 0;
SET client_encoding = 'UTF8';
SET standard_conforming_strings = on;
SELECT pg_catalog.set_config('search_path', '', false);
SET check_function_bodies = false;
SET xmloption = content;
SET client_min_messages = warning;
SET row_security = off;

--
-- Name: public; Type: SCHEMA; Schema: -; Owner: mazn
--

-- *not* creating schema, since initdb creates it


ALTER SCHEMA public OWNER TO mazn;

SET default_tablespace = '';

SET default_table_access_method = heap;

--
-- Name: auth_group; Type: TABLE; Schema: public; Owner: mazn
--

CREATE TABLE public.auth_group (
    id integer NOT NULL,
    name character varying(150) NOT NULL
);


ALTER TABLE public.auth_group OWNER TO mazn;

--
-- Name: auth_group_id_seq; Type: SEQUENCE; Schema: public; Owner: mazn
--

ALTER TABLE public.auth_group ALTER COLUMN id ADD GENERATED BY DEFAULT AS IDENTITY (
    SEQUENCE NAME public.auth_group_id_seq
    START WITH 1
    INCREMENT BY 1
    NO MINVALUE
    NO MAXVALUE
    CACHE 1
);


--
-- Name: auth_group_permissions; Type: TABLE; Schema: public; Owner: mazn
--

CREATE TABLE public.auth_group_permissions (
    id bigint NOT NULL,
    group_id integer NOT NULL,
    permission_id integer NOT NULL
);


ALTER TABLE public.auth_group_permissions OWNER TO mazn;

--
-- Name: auth_group_permissions_id_seq; Type: SEQUENCE; Schema: public; Owner: mazn
--

ALTER TABLE public.auth_group_permissions ALTER COLUMN id ADD GENERATED BY DEFAULT AS IDENTITY (
    SEQUENCE NAME public.auth_group_permissions_id_seq
    START WITH 1
    INCREMENT BY 1
    NO MINVALUE
    NO MAXVALUE
    CACHE 1
);


--
-- Name: auth_permission; Type: TABLE; Schema: public; Owner: mazn
--

CREATE TABLE public.auth_permission (
    id integer NOT NULL,
    name character varying(255) NOT NULL,
    content_type_id integer NOT NULL,
    codename character varying(100) NOT NULL
);


ALTER TABLE public.auth_permission OWNER TO mazn;

--
-- Name: auth_permission_id_seq; Type: SEQUENCE; Schema: public; Owner: mazn
--

ALTER TABLE public.auth_permission ALTER COLUMN id ADD GENERATED BY DEFAULT AS IDENTITY (
    SEQUENCE NAME public.auth_permission_id_seq
    START WITH 1
    INCREMENT BY 1
    NO MINVALUE
    NO MAXVALUE
    CACHE 1
);


--
-- Name: authtoken_token; Type: TABLE; Schema: public; Owner: mazn
--

CREATE TABLE public.authtoken_token (
    key character varying(40) NOT NULL,
    created timestamp with time zone NOT NULL,
    user_id bigint NOT NULL
);


ALTER TABLE public.authtoken_token OWNER TO mazn;

--
-- Name: customize_alarm; Type: TABLE; Schema: public; Owner: mazn
--

CREATE TABLE public.customize_alarm (
    id bigint NOT NULL,
    pill_name character varying(100),
    alarm_time time without time zone NOT NULL,
    created_at date NOT NULL,
    updated_at time without time zone NOT NULL,
    user_id bigint NOT NULL
);


ALTER TABLE public.customize_alarm OWNER TO mazn;

--
-- Name: customize_alarm_id_seq; Type: SEQUENCE; Schema: public; Owner: mazn
--

ALTER TABLE public.customize_alarm ALTER COLUMN id ADD GENERATED BY DEFAULT AS IDENTITY (
    SEQUENCE NAME public.customize_alarm_id_seq
    START WITH 1
    INCREMENT BY 1
    NO MINVALUE
    NO MAXVALUE
    CACHE 1
);


--
-- Name: customize_booking_appointments; Type: TABLE; Schema: public; Owner: mazn
--

CREATE TABLE public.customize_booking_appointments (
    id bigint NOT NULL,
    date date NOT NULL,
    "time" time without time zone,
    created_at timestamp with time zone,
    updated_at timestamp with time zone,
    available boolean NOT NULL,
    doctor_id bigint NOT NULL,
    patient_id bigint NOT NULL
);


ALTER TABLE public.customize_booking_appointments OWNER TO mazn;

--
-- Name: customize_booking_appointments_id_seq; Type: SEQUENCE; Schema: public; Owner: mazn
--

ALTER TABLE public.customize_booking_appointments ALTER COLUMN id ADD GENERATED BY DEFAULT AS IDENTITY (
    SEQUENCE NAME public.customize_booking_appointments_id_seq
    START WITH 1
    INCREMENT BY 1
    NO MINVALUE
    NO MAXVALUE
    CACHE 1
);


--
-- Name: customize_doctoravailability; Type: TABLE; Schema: public; Owner: mazn
--

CREATE TABLE public.customize_doctoravailability (
    id bigint NOT NULL,
    department character varying(100) NOT NULL,
    date date NOT NULL,
    start_time time without time zone NOT NULL,
    end_time time without time zone NOT NULL,
    created_at timestamp with time zone,
    updated_at timestamp with time zone,
    doctor_id bigint NOT NULL
);


ALTER TABLE public.customize_doctoravailability OWNER TO mazn;

--
-- Name: customize_doctoravailability_id_seq; Type: SEQUENCE; Schema: public; Owner: mazn
--

ALTER TABLE public.customize_doctoravailability ALTER COLUMN id ADD GENERATED BY DEFAULT AS IDENTITY (
    SEQUENCE NAME public.customize_doctoravailability_id_seq
    START WITH 1
    INCREMENT BY 1
    NO MINVALUE
    NO MAXVALUE
    CACHE 1
);


--
-- Name: customize_doctorsprofileinfo; Type: TABLE; Schema: public; Owner: mazn
--

CREATE TABLE public.customize_doctorsprofileinfo (
    id bigint NOT NULL,
    doc_first_name character varying(100) NOT NULL,
    doc_last_name character varying(100) NOT NULL,
    specialty character varying(100) NOT NULL,
    phone character varying(11) NOT NULL,
    clinic_address text,
    bio text,
    img character varying(100),
    available boolean NOT NULL,
    user_id bigint NOT NULL
);


ALTER TABLE public.customize_doctorsprofileinfo OWNER TO mazn;

--
-- Name: customize_doctorsprofileinfo_id_seq; Type: SEQUENCE; Schema: public; Owner: mazn
--

ALTER TABLE public.customize_doctorsprofileinfo ALTER COLUMN id ADD GENERATED BY DEFAULT AS IDENTITY (
    SEQUENCE NAME public.customize_doctorsprofileinfo_id_seq
    START WITH 1
    INCREMENT BY 1
    NO MINVALUE
    NO MAXVALUE
    CACHE 1
);


--
-- Name: customize_previoushistory; Type: TABLE; Schema: public; Owner: mazn
--

CREATE TABLE public.customize_previoushistory (
    id bigint NOT NULL,
    message text,
    date date NOT NULL,
    "time" time without time zone,
    images character varying(255)[],
    created_at timestamp with time zone,
    updated_at timestamp with time zone,
    receiver_id bigint NOT NULL,
    sender_id bigint NOT NULL
);


ALTER TABLE public.customize_previoushistory OWNER TO mazn;

--
-- Name: customize_previoushistory_id_seq; Type: SEQUENCE; Schema: public; Owner: mazn
--

ALTER TABLE public.customize_previoushistory ALTER COLUMN id ADD GENERATED BY DEFAULT AS IDENTITY (
    SEQUENCE NAME public.customize_previoushistory_id_seq
    START WITH 1
    INCREMENT BY 1
    NO MINVALUE
    NO MAXVALUE
    CACHE 1
);


--
-- Name: customize_profile; Type: TABLE; Schema: public; Owner: mazn
--

CREATE TABLE public.customize_profile (
    id bigint NOT NULL,
    full_name character varying(255),
    first_name character varying(255),
    last_name character varying(255),
    phone character varying(11),
    age integer,
    gender character varying(10),
    chronic_disease text,
    profile_picture character varying(100),
    user_id bigint NOT NULL,
    CONSTRAINT customize_profile_age_check CHECK ((age >= 0))
);


ALTER TABLE public.customize_profile OWNER TO mazn;

--
-- Name: customize_profile_id_seq; Type: SEQUENCE; Schema: public; Owner: mazn
--

ALTER TABLE public.customize_profile ALTER COLUMN id ADD GENERATED BY DEFAULT AS IDENTITY (
    SEQUENCE NAME public.customize_profile_id_seq
    START WITH 1
    INCREMENT BY 1
    NO MINVALUE
    NO MAXVALUE
    CACHE 1
);


--
-- Name: customize_uploadedphoto; Type: TABLE; Schema: public; Owner: mazn
--

CREATE TABLE public.customize_uploadedphoto (
    id bigint NOT NULL,
    photo character varying(100),
    submitted_date date,
    confidence_score numeric(5,2),
    "timestamp" timestamp with time zone,
    updated_at timestamp with time zone,
    uploader_id bigint
);


ALTER TABLE public.customize_uploadedphoto OWNER TO mazn;

--
-- Name: customize_uploadedphoto_id_seq; Type: SEQUENCE; Schema: public; Owner: mazn
--

ALTER TABLE public.customize_uploadedphoto ALTER COLUMN id ADD GENERATED BY DEFAULT AS IDENTITY (
    SEQUENCE NAME public.customize_uploadedphoto_id_seq
    START WITH 1
    INCREMENT BY 1
    NO MINVALUE
    NO MAXVALUE
    CACHE 1
);


--
-- Name: customize_user; Type: TABLE; Schema: public; Owner: mazn
--

CREATE TABLE public.customize_user (
    id bigint NOT NULL,
    password character varying(128) NOT NULL,
    last_login timestamp with time zone,
    email character varying(255) NOT NULL,
    first_name character varying(255),
    last_name character varying(255),
    full_name character varying(255),
    age integer,
    gender character varying(10),
    chronic_disease text,
    phone character varying(11),
    profile_picture character varying(100),
    cancer_type character varying(100),
    cancer_photo character varying(100),
    cancer_percentage numeric(5,2),
    active boolean NOT NULL,
    staff boolean NOT NULL,
    admin boolean NOT NULL,
    is_superuser boolean NOT NULL,
    created_at timestamp with time zone NOT NULL,
    updated_at timestamp with time zone NOT NULL,
    CONSTRAINT customize_user_age_check CHECK ((age >= 0))
);


ALTER TABLE public.customize_user OWNER TO mazn;

--
-- Name: customize_user_id_seq; Type: SEQUENCE; Schema: public; Owner: mazn
--

ALTER TABLE public.customize_user ALTER COLUMN id ADD GENERATED BY DEFAULT AS IDENTITY (
    SEQUENCE NAME public.customize_user_id_seq
    START WITH 1
    INCREMENT BY 1
    NO MINVALUE
    NO MAXVALUE
    CACHE 1
);


--
-- Name: django_admin_log; Type: TABLE; Schema: public; Owner: mazn
--

CREATE TABLE public.django_admin_log (
    id integer NOT NULL,
    action_time timestamp with time zone NOT NULL,
    object_id text,
    object_repr character varying(200) NOT NULL,
    action_flag smallint NOT NULL,
    change_message text NOT NULL,
    content_type_id integer,
    user_id bigint NOT NULL,
    CONSTRAINT django_admin_log_action_flag_check CHECK ((action_flag >= 0))
);


ALTER TABLE public.django_admin_log OWNER TO mazn;

--
-- Name: django_admin_log_id_seq; Type: SEQUENCE; Schema: public; Owner: mazn
--

ALTER TABLE public.django_admin_log ALTER COLUMN id ADD GENERATED BY DEFAULT AS IDENTITY (
    SEQUENCE NAME public.django_admin_log_id_seq
    START WITH 1
    INCREMENT BY 1
    NO MINVALUE
    NO MAXVALUE
    CACHE 1
);


--
-- Name: django_content_type; Type: TABLE; Schema: public; Owner: mazn
--

CREATE TABLE public.django_content_type (
    id integer NOT NULL,
    app_label character varying(100) NOT NULL,
    model character varying(100) NOT NULL
);


ALTER TABLE public.django_content_type OWNER TO mazn;

--
-- Name: django_content_type_id_seq; Type: SEQUENCE; Schema: public; Owner: mazn
--

ALTER TABLE public.django_content_type ALTER COLUMN id ADD GENERATED BY DEFAULT AS IDENTITY (
    SEQUENCE NAME public.django_content_type_id_seq
    START WITH 1
    INCREMENT BY 1
    NO MINVALUE
    NO MAXVALUE
    CACHE 1
);


--
-- Name: django_migrations; Type: TABLE; Schema: public; Owner: mazn
--

CREATE TABLE public.django_migrations (
    id bigint NOT NULL,
    app character varying(255) NOT NULL,
    name character varying(255) NOT NULL,
    applied timestamp with time zone NOT NULL
);


ALTER TABLE public.django_migrations OWNER TO mazn;

--
-- Name: django_migrations_id_seq; Type: SEQUENCE; Schema: public; Owner: mazn
--

ALTER TABLE public.django_migrations ALTER COLUMN id ADD GENERATED BY DEFAULT AS IDENTITY (
    SEQUENCE NAME public.django_migrations_id_seq
    START WITH 1
    INCREMENT BY 1
    NO MINVALUE
    NO MAXVALUE
    CACHE 1
);


--
-- Name: django_session; Type: TABLE; Schema: public; Owner: mazn
--

CREATE TABLE public.django_session (
    session_key character varying(40) NOT NULL,
    session_data text NOT NULL,
    expire_date timestamp with time zone NOT NULL
);


ALTER TABLE public.django_session OWNER TO mazn;

--
-- Data for Name: auth_group; Type: TABLE DATA; Schema: public; Owner: mazn
--

COPY public.auth_group (id, name) FROM stdin;
\.


--
-- Data for Name: auth_group_permissions; Type: TABLE DATA; Schema: public; Owner: mazn
--

COPY public.auth_group_permissions (id, group_id, permission_id) FROM stdin;
\.


--
-- Data for Name: auth_permission; Type: TABLE DATA; Schema: public; Owner: mazn
--

COPY public.auth_permission (id, name, content_type_id, codename) FROM stdin;
1	Can add log entry	1	add_logentry
2	Can change log entry	1	change_logentry
3	Can delete log entry	1	delete_logentry
4	Can view log entry	1	view_logentry
5	Can add permission	2	add_permission
6	Can change permission	2	change_permission
7	Can delete permission	2	delete_permission
8	Can view permission	2	view_permission
9	Can add group	3	add_group
10	Can change group	3	change_group
11	Can delete group	3	delete_group
12	Can view group	3	view_group
13	Can add content type	4	add_contenttype
14	Can change content type	4	change_contenttype
15	Can delete content type	4	delete_contenttype
16	Can view content type	4	view_contenttype
17	Can add session	5	add_session
18	Can change session	5	change_session
19	Can delete session	5	delete_session
20	Can view session	5	view_session
21	Can add user	6	add_user
22	Can change user	6	change_user
23	Can delete user	6	delete_user
24	Can view user	6	view_user
25	Can add Patients Profile	7	add_profile
26	Can change Patients Profile	7	change_profile
27	Can delete Patients Profile	7	delete_profile
28	Can view Patients Profile	7	view_profile
29	Can add Doctors Profile	8	add_doctorsprofileinfo
30	Can change Doctors Profile	8	change_doctorsprofileinfo
31	Can delete Doctors Profile	8	delete_doctorsprofileinfo
32	Can view Doctors Profile	8	view_doctorsprofileinfo
33	Can add Doctors Availabilitie	9	add_doctoravailability
34	Can change Doctors Availabilitie	9	change_doctoravailability
35	Can delete Doctors Availabilitie	9	delete_doctoravailability
36	Can view Doctors Availabilitie	9	view_doctoravailability
37	Can add Book an Appointment	10	add_booking_appointments
38	Can change Book an Appointment	10	change_booking_appointments
39	Can delete Book an Appointment	10	delete_booking_appointments
40	Can view Book an Appointment	10	view_booking_appointments
41	Can add previous history	11	add_previoushistory
42	Can change previous history	11	change_previoushistory
43	Can delete previous history	11	delete_previoushistory
44	Can view previous history	11	view_previoushistory
45	Can add Upload Photo	12	add_uploadedphoto
46	Can change Upload Photo	12	change_uploadedphoto
47	Can delete Upload Photo	12	delete_uploadedphoto
48	Can view Upload Photo	12	view_uploadedphoto
49	Can add alarm	13	add_alarm
50	Can change alarm	13	change_alarm
51	Can delete alarm	13	delete_alarm
52	Can view alarm	13	view_alarm
53	Can add Token	14	add_token
54	Can change Token	14	change_token
55	Can delete Token	14	delete_token
56	Can view Token	14	view_token
57	Can add Token	15	add_tokenproxy
58	Can change Token	15	change_tokenproxy
59	Can delete Token	15	delete_tokenproxy
60	Can view Token	15	view_tokenproxy
\.


--
-- Data for Name: authtoken_token; Type: TABLE DATA; Schema: public; Owner: mazn
--

COPY public.authtoken_token (key, created, user_id) FROM stdin;
c8082eeec1e90c793e8c36fe2bbf06069d989dcb	2025-03-08 16:50:36.241505+02	1
1b4b789c7b8ee90faaa27df8b67e5846849f035a	2025-03-08 16:51:00.759321+02	2
576214b4075f4d81c8d090c6dad62e0bed97df2c	2025-03-08 16:54:43.151967+02	3
\.


--
-- Data for Name: customize_alarm; Type: TABLE DATA; Schema: public; Owner: mazn
--

COPY public.customize_alarm (id, pill_name, alarm_time, created_at, updated_at, user_id) FROM stdin;
1	NovoRapid	14:56:22	2025-03-08	16:56:25.215094	3
\.


--
-- Data for Name: customize_booking_appointments; Type: TABLE DATA; Schema: public; Owner: mazn
--

COPY public.customize_booking_appointments (id, date, "time", created_at, updated_at, available, doctor_id, patient_id) FROM stdin;
1	2025-03-08	14:56:05	2025-03-08 16:56:06.132634+02	2025-03-08 16:56:06.132634+02	f	2	3
\.


--
-- Data for Name: customize_doctoravailability; Type: TABLE DATA; Schema: public; Owner: mazn
--

COPY public.customize_doctoravailability (id, department, date, start_time, end_time, created_at, updated_at, doctor_id) FROM stdin;
1	اخصائي سكر الاطفال	2025-03-08	15:00:00	21:00:00	2025-03-08 16:55:18.898601+02	2025-03-08 16:55:18.898601+02	2
\.


--
-- Data for Name: customize_doctorsprofileinfo; Type: TABLE DATA; Schema: public; Owner: mazn
--

COPY public.customize_doctorsprofileinfo (id, doc_first_name, doc_last_name, specialty, phone, clinic_address, bio, img, available, user_id) FROM stdin;
1	Tamer	Seliem	اخصائي سكر الاطفال	01050704933	Shebien-Elkom	اخصائي سكر الاطفال	doc-imgs/2_kP2Xtmx.jpg	t	2
\.


--
-- Data for Name: customize_previoushistory; Type: TABLE DATA; Schema: public; Owner: mazn
--

COPY public.customize_previoushistory (id, message, date, "time", images, created_at, updated_at, receiver_id, sender_id) FROM stdin;
1	msg from doc : tamer to mazn	2025-03-08	14:57:04	{[file1.jpg,file2.jpg,file3.jpg]}	2025-03-08 16:57:06.927836+02	2025-03-08 16:57:06.927836+02	3	2
\.


--
-- Data for Name: customize_profile; Type: TABLE DATA; Schema: public; Owner: mazn
--

COPY public.customize_profile (id, full_name, first_name, last_name, phone, age, gender, chronic_disease, profile_picture, user_id) FROM stdin;
2	Mazen Waleed Saed Shalaby	Mazen	Shalaby	01151170355	22	M	None	profile_pictures/mazn_pwa6JXI.jpg	3
\.


--
-- Data for Name: customize_uploadedphoto; Type: TABLE DATA; Schema: public; Owner: mazn
--

COPY public.customize_uploadedphoto (id, photo, submitted_date, confidence_score, "timestamp", updated_at, uploader_id) FROM stdin;
1	uploaded_photos/Emperor.jpg	2025-03-08	98.78	2025-03-08 16:57:27.419955+02	2025-03-08 16:57:27.419955+02	2
2	uploaded_photos/Dragon_AwARH4z.jpg	2025-03-08	97.99	2025-03-08 16:57:41.227893+02	2025-03-08 16:57:41.227893+02	3
\.


--
-- Data for Name: customize_user; Type: TABLE DATA; Schema: public; Owner: mazn
--

COPY public.customize_user (id, password, last_login, email, first_name, last_name, full_name, age, gender, chronic_disease, phone, profile_picture, cancer_type, cancer_photo, cancer_percentage, active, staff, admin, is_superuser, created_at, updated_at) FROM stdin;
1	pbkdf2_sha256$870000$MTwHLnHYwon0GhU7QlkX4Q$bJFVC6Xdnb8C+IrPh0Jek1/hD81nZeH1ppZ/Pyt7El0=	2025-03-08 16:50:42.352547+02	admin@email.com	\N	\N	\N	\N	\N	\N	\N		\N		\N	t	t	t	t	2025-03-08 16:50:36.225791+02	2025-03-08 16:50:36.225791+02
2	pbkdf2_sha256$870000$UjeoGp02zsa50xyu9j0gih$jY7Tc3CS8H+9UMCd9fxPazozBEb4GR2zL2eoCX1tGK4=	\N	doc1@email.com	\N	\N	\N	\N	\N		\N		\N		\N	t	t	f	f	2025-03-08 16:51:00.743695+02	2025-03-08 16:51:04.174683+02
3	pbkdf2_sha256$870000$UXWSlzzgevr9SqZIJtbkt3$n32XSoEWNnOHFeSAQeH/hkLebnb4gfw6AviYl3NVCM0=	\N	mazn@email.com	Mazen	Shalaby	Mazen Waleed Saed Shalaby	22	M	None	01151170355	profile_pictures/mazn_pwa6JXI.jpg	\N		\N	t	f	f	f	2025-03-08 16:54:43.151967+02	2025-03-08 16:54:48.658264+02
\.


--
-- Data for Name: django_admin_log; Type: TABLE DATA; Schema: public; Owner: mazn
--

COPY public.django_admin_log (id, action_time, object_id, object_repr, action_flag, change_message, content_type_id, user_id) FROM stdin;
1	2025-03-08 16:51:00.76692+02	2	doc1@email.com	1	[{"added": {}}]	6	1
2	2025-03-08 16:51:04.174683+02	2	doc1@email.com	2	[{"changed": {"fields": ["Staff"]}}]	6	1
3	2025-03-08 16:53:54.603053+02	1	Tamer Seliem	1	[{"added": {}}]	8	1
4	2025-03-08 16:54:43.167589+02	3	mazn@email.com	1	[{"added": {}}]	6	1
5	2025-03-08 16:54:48.658264+02	3	mazn@email.com	2	[]	6	1
6	2025-03-08 16:55:18.898601+02	1	doc1@email.com => 2025-03-08	1	[{"added": {}}]	9	1
7	2025-03-08 16:56:06.132634+02	1	Appointment for mazn@email.com with Dr. doc1@email.com on 2025-03-08 at 14:56:05	1	[{"added": {}}]	10	1
8	2025-03-08 16:56:25.215094+02	1	NovoRapid - 14:56:22	1	[{"added": {}}]	13	1
9	2025-03-08 16:57:06.927836+02	1	doc1@email.com: msg from doc : tamer	1	[{"added": {}}]	11	1
10	2025-03-08 16:57:27.419955+02	1	Photo by doc1@email.com	1	[{"added": {}}]	12	1
11	2025-03-08 16:57:41.227893+02	2	Photo by mazn@email.com	1	[{"added": {}}]	12	1
\.


--
-- Data for Name: django_content_type; Type: TABLE DATA; Schema: public; Owner: mazn
--

COPY public.django_content_type (id, app_label, model) FROM stdin;
1	admin	logentry
2	auth	permission
3	auth	group
4	contenttypes	contenttype
5	sessions	session
6	customize	user
7	customize	profile
8	customize	doctorsprofileinfo
9	customize	doctoravailability
10	customize	booking_appointments
11	customize	previoushistory
12	customize	uploadedphoto
13	customize	alarm
14	authtoken	token
15	authtoken	tokenproxy
\.


--
-- Data for Name: django_migrations; Type: TABLE DATA; Schema: public; Owner: mazn
--

COPY public.django_migrations (id, app, name, applied) FROM stdin;
1	customize	0001_initial	2025-03-08 15:50:11.717696+02
2	contenttypes	0001_initial	2025-03-08 15:50:11.737363+02
3	admin	0001_initial	2025-03-08 15:50:11.76511+02
4	admin	0002_logentry_remove_auto_add	2025-03-08 15:50:11.76511+02
5	admin	0003_logentry_add_action_flag_choices	2025-03-08 15:50:11.780733+02
6	contenttypes	0002_remove_content_type_name	2025-03-08 15:50:11.780733+02
7	auth	0001_initial	2025-03-08 15:50:11.843623+02
8	auth	0002_alter_permission_name_max_length	2025-03-08 15:50:11.843623+02
9	auth	0003_alter_user_email_max_length	2025-03-08 15:50:11.859253+02
10	auth	0004_alter_user_username_opts	2025-03-08 15:50:11.859253+02
11	auth	0005_alter_user_last_login_null	2025-03-08 15:50:11.859253+02
12	auth	0006_require_contenttypes_0002	2025-03-08 15:50:11.859253+02
13	auth	0007_alter_validators_add_error_messages	2025-03-08 15:50:11.859253+02
14	auth	0008_alter_user_username_max_length	2025-03-08 15:50:11.859253+02
15	auth	0009_alter_user_last_name_max_length	2025-03-08 15:50:11.874881+02
16	auth	0010_alter_group_name_max_length	2025-03-08 15:50:11.874881+02
17	auth	0011_update_proxy_permissions	2025-03-08 15:50:11.890503+02
18	auth	0012_alter_user_first_name_max_length	2025-03-08 15:50:11.890503+02
19	authtoken	0001_initial	2025-03-08 15:50:11.906128+02
20	authtoken	0002_auto_20160226_1747	2025-03-08 15:50:11.937886+02
21	authtoken	0003_tokenproxy	2025-03-08 15:50:11.937886+02
22	authtoken	0004_alter_tokenproxy_options	2025-03-08 15:50:11.937886+02
23	customize	0002_alter_doctoravailability_options_and_more	2025-03-08 15:50:11.953391+02
24	customize	0003_alter_doctoravailability_doctor_alter_profile_user	2025-03-08 15:50:11.969022+02
25	customize	0004_alter_doctoravailability_options_and_more	2025-03-08 15:50:11.98465+02
26	customize	0005_alter_doctorsprofileinfo_user	2025-03-08 15:50:12.000357+02
27	customize	0006_alter_doctorsprofileinfo_user	2025-03-08 15:50:12.031521+02
28	customize	0007_alter_doctoravailability_options_and_more	2025-03-08 15:50:12.047621+02
29	customize	0008_alter_doctoravailability_doctor	2025-03-08 15:50:12.063251+02
30	customize	0009_alter_doctoravailability_doctor	2025-03-08 15:50:12.063251+02
31	customize	0010_alter_doctoravailability_doctor	2025-03-08 15:50:12.078877+02
32	customize	0011_remove_doctorsprofileinfo_user_and_more	2025-03-08 15:50:12.110208+02
33	customize	0012_alter_doctoravailability_doctor	2025-03-08 15:50:12.110208+02
34	customize	0013_alter_doctoravailability_doctor_and_more	2025-03-08 15:50:12.141762+02
35	customize	0014_alter_doctoravailability_doctor	2025-03-08 15:50:12.173117+02
36	customize	0015_remove_doctorsprofileinfo_user	2025-03-08 15:50:12.188684+02
37	customize	0016_doctorsprofileinfo_user	2025-03-08 15:50:12.188684+02
38	customize	0017_alter_doctorsprofileinfo_user	2025-03-08 15:50:12.204271+02
39	sessions	0001_initial	2025-03-08 15:50:12.219896+02
40	customize	0018_alter_doctoravailability_doctor	2025-03-08 16:23:47.459024+02
41	customize	0019_alter_doctoravailability_doctor	2025-03-08 16:24:52.859996+02
42	customize	0020_alter_doctorsprofileinfo_user	2025-03-08 16:26:16.523591+02
43	customize	0021_alter_doctoravailability_doctor	2025-03-08 16:30:11.412881+02
44	customize	0022_alter_doctoravailability_doctor	2025-03-08 16:31:17.833737+02
45	customize	0023_alter_doctoravailability_doctor	2025-03-08 16:32:36.65674+02
46	customize	0024_alter_doctoravailability_options_and_more	2025-03-08 16:35:29.383087+02
47	customize	0025_remove_doctorsprofileinfo_user_and_more	2025-03-08 16:42:44.010592+02
48	customize	0026_doctorsprofileinfo	2025-03-08 16:53:24.878599+02
\.


--
-- Data for Name: django_session; Type: TABLE DATA; Schema: public; Owner: mazn
--

COPY public.django_session (session_key, session_data, expire_date) FROM stdin;
cbzfjuchrmbd3mtmfkcpwhg1xcywjac0	.eJxVjEEOwiAQRe_C2hCYFigu3XsGMsOAVA0kpV0Z765NutDtf-_9lwi4rSVsPS1hZnEWWpx-N8L4SHUHfMd6azK2ui4zyV2RB-3y2jg9L4f7d1Cwl2-d7RDJkvaZImRUZkgarGaYMgFqcJ6RjYE4ZiADBqdEznGKakTvlRPvD_u-OFQ:1tqvVi:ni6yNpZ-DihgIJXyrr9fXDmlMBsJTtZcD7VxDRPY-AM	2025-03-22 16:50:42.3682+02
\.


--
-- Name: auth_group_id_seq; Type: SEQUENCE SET; Schema: public; Owner: mazn
--

SELECT pg_catalog.setval('public.auth_group_id_seq', 1, false);


--
-- Name: auth_group_permissions_id_seq; Type: SEQUENCE SET; Schema: public; Owner: mazn
--

SELECT pg_catalog.setval('public.auth_group_permissions_id_seq', 1, false);


--
-- Name: auth_permission_id_seq; Type: SEQUENCE SET; Schema: public; Owner: mazn
--

SELECT pg_catalog.setval('public.auth_permission_id_seq', 60, true);


--
-- Name: customize_alarm_id_seq; Type: SEQUENCE SET; Schema: public; Owner: mazn
--

SELECT pg_catalog.setval('public.customize_alarm_id_seq', 1, true);


--
-- Name: customize_booking_appointments_id_seq; Type: SEQUENCE SET; Schema: public; Owner: mazn
--

SELECT pg_catalog.setval('public.customize_booking_appointments_id_seq', 1, true);


--
-- Name: customize_doctoravailability_id_seq; Type: SEQUENCE SET; Schema: public; Owner: mazn
--

SELECT pg_catalog.setval('public.customize_doctoravailability_id_seq', 1, true);


--
-- Name: customize_doctorsprofileinfo_id_seq; Type: SEQUENCE SET; Schema: public; Owner: mazn
--

SELECT pg_catalog.setval('public.customize_doctorsprofileinfo_id_seq', 1, true);


--
-- Name: customize_previoushistory_id_seq; Type: SEQUENCE SET; Schema: public; Owner: mazn
--

SELECT pg_catalog.setval('public.customize_previoushistory_id_seq', 1, true);


--
-- Name: customize_profile_id_seq; Type: SEQUENCE SET; Schema: public; Owner: mazn
--

SELECT pg_catalog.setval('public.customize_profile_id_seq', 2, true);


--
-- Name: customize_uploadedphoto_id_seq; Type: SEQUENCE SET; Schema: public; Owner: mazn
--

SELECT pg_catalog.setval('public.customize_uploadedphoto_id_seq', 2, true);


--
-- Name: customize_user_id_seq; Type: SEQUENCE SET; Schema: public; Owner: mazn
--

SELECT pg_catalog.setval('public.customize_user_id_seq', 3, true);


--
-- Name: django_admin_log_id_seq; Type: SEQUENCE SET; Schema: public; Owner: mazn
--

SELECT pg_catalog.setval('public.django_admin_log_id_seq', 11, true);


--
-- Name: django_content_type_id_seq; Type: SEQUENCE SET; Schema: public; Owner: mazn
--

SELECT pg_catalog.setval('public.django_content_type_id_seq', 15, true);


--
-- Name: django_migrations_id_seq; Type: SEQUENCE SET; Schema: public; Owner: mazn
--

SELECT pg_catalog.setval('public.django_migrations_id_seq', 48, true);


--
-- Name: auth_group auth_group_name_key; Type: CONSTRAINT; Schema: public; Owner: mazn
--

ALTER TABLE ONLY public.auth_group
    ADD CONSTRAINT auth_group_name_key UNIQUE (name);


--
-- Name: auth_group_permissions auth_group_permissions_group_id_permission_id_0cd325b0_uniq; Type: CONSTRAINT; Schema: public; Owner: mazn
--

ALTER TABLE ONLY public.auth_group_permissions
    ADD CONSTRAINT auth_group_permissions_group_id_permission_id_0cd325b0_uniq UNIQUE (group_id, permission_id);


--
-- Name: auth_group_permissions auth_group_permissions_pkey; Type: CONSTRAINT; Schema: public; Owner: mazn
--

ALTER TABLE ONLY public.auth_group_permissions
    ADD CONSTRAINT auth_group_permissions_pkey PRIMARY KEY (id);


--
-- Name: auth_group auth_group_pkey; Type: CONSTRAINT; Schema: public; Owner: mazn
--

ALTER TABLE ONLY public.auth_group
    ADD CONSTRAINT auth_group_pkey PRIMARY KEY (id);


--
-- Name: auth_permission auth_permission_content_type_id_codename_01ab375a_uniq; Type: CONSTRAINT; Schema: public; Owner: mazn
--

ALTER TABLE ONLY public.auth_permission
    ADD CONSTRAINT auth_permission_content_type_id_codename_01ab375a_uniq UNIQUE (content_type_id, codename);


--
-- Name: auth_permission auth_permission_pkey; Type: CONSTRAINT; Schema: public; Owner: mazn
--

ALTER TABLE ONLY public.auth_permission
    ADD CONSTRAINT auth_permission_pkey PRIMARY KEY (id);


--
-- Name: authtoken_token authtoken_token_pkey; Type: CONSTRAINT; Schema: public; Owner: mazn
--

ALTER TABLE ONLY public.authtoken_token
    ADD CONSTRAINT authtoken_token_pkey PRIMARY KEY (key);


--
-- Name: authtoken_token authtoken_token_user_id_key; Type: CONSTRAINT; Schema: public; Owner: mazn
--

ALTER TABLE ONLY public.authtoken_token
    ADD CONSTRAINT authtoken_token_user_id_key UNIQUE (user_id);


--
-- Name: customize_alarm customize_alarm_pkey; Type: CONSTRAINT; Schema: public; Owner: mazn
--

ALTER TABLE ONLY public.customize_alarm
    ADD CONSTRAINT customize_alarm_pkey PRIMARY KEY (id);


--
-- Name: customize_booking_appointments customize_booking_appointments_pkey; Type: CONSTRAINT; Schema: public; Owner: mazn
--

ALTER TABLE ONLY public.customize_booking_appointments
    ADD CONSTRAINT customize_booking_appointments_pkey PRIMARY KEY (id);


--
-- Name: customize_doctoravailability customize_doctoravailability_pkey; Type: CONSTRAINT; Schema: public; Owner: mazn
--

ALTER TABLE ONLY public.customize_doctoravailability
    ADD CONSTRAINT customize_doctoravailability_pkey PRIMARY KEY (id);


--
-- Name: customize_doctorsprofileinfo customize_doctorsprofileinfo_phone_key; Type: CONSTRAINT; Schema: public; Owner: mazn
--

ALTER TABLE ONLY public.customize_doctorsprofileinfo
    ADD CONSTRAINT customize_doctorsprofileinfo_phone_key UNIQUE (phone);


--
-- Name: customize_doctorsprofileinfo customize_doctorsprofileinfo_pkey; Type: CONSTRAINT; Schema: public; Owner: mazn
--

ALTER TABLE ONLY public.customize_doctorsprofileinfo
    ADD CONSTRAINT customize_doctorsprofileinfo_pkey PRIMARY KEY (id);


--
-- Name: customize_doctorsprofileinfo customize_doctorsprofileinfo_user_id_key; Type: CONSTRAINT; Schema: public; Owner: mazn
--

ALTER TABLE ONLY public.customize_doctorsprofileinfo
    ADD CONSTRAINT customize_doctorsprofileinfo_user_id_key UNIQUE (user_id);


--
-- Name: customize_previoushistory customize_previoushistory_pkey; Type: CONSTRAINT; Schema: public; Owner: mazn
--

ALTER TABLE ONLY public.customize_previoushistory
    ADD CONSTRAINT customize_previoushistory_pkey PRIMARY KEY (id);


--
-- Name: customize_profile customize_profile_pkey; Type: CONSTRAINT; Schema: public; Owner: mazn
--

ALTER TABLE ONLY public.customize_profile
    ADD CONSTRAINT customize_profile_pkey PRIMARY KEY (id);


--
-- Name: customize_profile customize_profile_user_id_key; Type: CONSTRAINT; Schema: public; Owner: mazn
--

ALTER TABLE ONLY public.customize_profile
    ADD CONSTRAINT customize_profile_user_id_key UNIQUE (user_id);


--
-- Name: customize_uploadedphoto customize_uploadedphoto_pkey; Type: CONSTRAINT; Schema: public; Owner: mazn
--

ALTER TABLE ONLY public.customize_uploadedphoto
    ADD CONSTRAINT customize_uploadedphoto_pkey PRIMARY KEY (id);


--
-- Name: customize_user customize_user_email_key; Type: CONSTRAINT; Schema: public; Owner: mazn
--

ALTER TABLE ONLY public.customize_user
    ADD CONSTRAINT customize_user_email_key UNIQUE (email);


--
-- Name: customize_user customize_user_phone_key; Type: CONSTRAINT; Schema: public; Owner: mazn
--

ALTER TABLE ONLY public.customize_user
    ADD CONSTRAINT customize_user_phone_key UNIQUE (phone);


--
-- Name: customize_user customize_user_pkey; Type: CONSTRAINT; Schema: public; Owner: mazn
--

ALTER TABLE ONLY public.customize_user
    ADD CONSTRAINT customize_user_pkey PRIMARY KEY (id);


--
-- Name: django_admin_log django_admin_log_pkey; Type: CONSTRAINT; Schema: public; Owner: mazn
--

ALTER TABLE ONLY public.django_admin_log
    ADD CONSTRAINT django_admin_log_pkey PRIMARY KEY (id);


--
-- Name: django_content_type django_content_type_app_label_model_76bd3d3b_uniq; Type: CONSTRAINT; Schema: public; Owner: mazn
--

ALTER TABLE ONLY public.django_content_type
    ADD CONSTRAINT django_content_type_app_label_model_76bd3d3b_uniq UNIQUE (app_label, model);


--
-- Name: django_content_type django_content_type_pkey; Type: CONSTRAINT; Schema: public; Owner: mazn
--

ALTER TABLE ONLY public.django_content_type
    ADD CONSTRAINT django_content_type_pkey PRIMARY KEY (id);


--
-- Name: django_migrations django_migrations_pkey; Type: CONSTRAINT; Schema: public; Owner: mazn
--

ALTER TABLE ONLY public.django_migrations
    ADD CONSTRAINT django_migrations_pkey PRIMARY KEY (id);


--
-- Name: django_session django_session_pkey; Type: CONSTRAINT; Schema: public; Owner: mazn
--

ALTER TABLE ONLY public.django_session
    ADD CONSTRAINT django_session_pkey PRIMARY KEY (session_key);


--
-- Name: customize_doctoravailability unique_doctor_availability; Type: CONSTRAINT; Schema: public; Owner: mazn
--

ALTER TABLE ONLY public.customize_doctoravailability
    ADD CONSTRAINT unique_doctor_availability UNIQUE (doctor_id, date);


--
-- Name: auth_group_name_a6ea08ec_like; Type: INDEX; Schema: public; Owner: mazn
--

CREATE INDEX auth_group_name_a6ea08ec_like ON public.auth_group USING btree (name varchar_pattern_ops);


--
-- Name: auth_group_permissions_group_id_b120cbf9; Type: INDEX; Schema: public; Owner: mazn
--

CREATE INDEX auth_group_permissions_group_id_b120cbf9 ON public.auth_group_permissions USING btree (group_id);


--
-- Name: auth_group_permissions_permission_id_84c5c92e; Type: INDEX; Schema: public; Owner: mazn
--

CREATE INDEX auth_group_permissions_permission_id_84c5c92e ON public.auth_group_permissions USING btree (permission_id);


--
-- Name: auth_permission_content_type_id_2f476e4b; Type: INDEX; Schema: public; Owner: mazn
--

CREATE INDEX auth_permission_content_type_id_2f476e4b ON public.auth_permission USING btree (content_type_id);


--
-- Name: authtoken_token_key_10f0b77e_like; Type: INDEX; Schema: public; Owner: mazn
--

CREATE INDEX authtoken_token_key_10f0b77e_like ON public.authtoken_token USING btree (key varchar_pattern_ops);


--
-- Name: customize_alarm_user_id_d3302677; Type: INDEX; Schema: public; Owner: mazn
--

CREATE INDEX customize_alarm_user_id_d3302677 ON public.customize_alarm USING btree (user_id);


--
-- Name: customize_booking_appointments_doctor_id_dbb44e15; Type: INDEX; Schema: public; Owner: mazn
--

CREATE INDEX customize_booking_appointments_doctor_id_dbb44e15 ON public.customize_booking_appointments USING btree (doctor_id);


--
-- Name: customize_booking_appointments_patient_id_b943a5ea; Type: INDEX; Schema: public; Owner: mazn
--

CREATE INDEX customize_booking_appointments_patient_id_b943a5ea ON public.customize_booking_appointments USING btree (patient_id);


--
-- Name: customize_doctoravailability_doctor_id_95d9668d; Type: INDEX; Schema: public; Owner: mazn
--

CREATE INDEX customize_doctoravailability_doctor_id_95d9668d ON public.customize_doctoravailability USING btree (doctor_id);


--
-- Name: customize_doctorsprofileinfo_phone_0c575b56_like; Type: INDEX; Schema: public; Owner: mazn
--

CREATE INDEX customize_doctorsprofileinfo_phone_0c575b56_like ON public.customize_doctorsprofileinfo USING btree (phone varchar_pattern_ops);


--
-- Name: customize_previoushistory_receiver_id_89fc3afc; Type: INDEX; Schema: public; Owner: mazn
--

CREATE INDEX customize_previoushistory_receiver_id_89fc3afc ON public.customize_previoushistory USING btree (receiver_id);


--
-- Name: customize_previoushistory_sender_id_55b922ec; Type: INDEX; Schema: public; Owner: mazn
--

CREATE INDEX customize_previoushistory_sender_id_55b922ec ON public.customize_previoushistory USING btree (sender_id);


--
-- Name: customize_uploadedphoto_uploader_id_ba33e724; Type: INDEX; Schema: public; Owner: mazn
--

CREATE INDEX customize_uploadedphoto_uploader_id_ba33e724 ON public.customize_uploadedphoto USING btree (uploader_id);


--
-- Name: customize_user_email_dc4eef89_like; Type: INDEX; Schema: public; Owner: mazn
--

CREATE INDEX customize_user_email_dc4eef89_like ON public.customize_user USING btree (email varchar_pattern_ops);


--
-- Name: customize_user_phone_fa01a89f_like; Type: INDEX; Schema: public; Owner: mazn
--

CREATE INDEX customize_user_phone_fa01a89f_like ON public.customize_user USING btree (phone varchar_pattern_ops);


--
-- Name: django_admin_log_content_type_id_c4bce8eb; Type: INDEX; Schema: public; Owner: mazn
--

CREATE INDEX django_admin_log_content_type_id_c4bce8eb ON public.django_admin_log USING btree (content_type_id);


--
-- Name: django_admin_log_user_id_c564eba6; Type: INDEX; Schema: public; Owner: mazn
--

CREATE INDEX django_admin_log_user_id_c564eba6 ON public.django_admin_log USING btree (user_id);


--
-- Name: django_session_expire_date_a5c62663; Type: INDEX; Schema: public; Owner: mazn
--

CREATE INDEX django_session_expire_date_a5c62663 ON public.django_session USING btree (expire_date);


--
-- Name: django_session_session_key_c0390e0f_like; Type: INDEX; Schema: public; Owner: mazn
--

CREATE INDEX django_session_session_key_c0390e0f_like ON public.django_session USING btree (session_key varchar_pattern_ops);


--
-- Name: auth_group_permissions auth_group_permissio_permission_id_84c5c92e_fk_auth_perm; Type: FK CONSTRAINT; Schema: public; Owner: mazn
--

ALTER TABLE ONLY public.auth_group_permissions
    ADD CONSTRAINT auth_group_permissio_permission_id_84c5c92e_fk_auth_perm FOREIGN KEY (permission_id) REFERENCES public.auth_permission(id) DEFERRABLE INITIALLY DEFERRED;


--
-- Name: auth_group_permissions auth_group_permissions_group_id_b120cbf9_fk_auth_group_id; Type: FK CONSTRAINT; Schema: public; Owner: mazn
--

ALTER TABLE ONLY public.auth_group_permissions
    ADD CONSTRAINT auth_group_permissions_group_id_b120cbf9_fk_auth_group_id FOREIGN KEY (group_id) REFERENCES public.auth_group(id) DEFERRABLE INITIALLY DEFERRED;


--
-- Name: auth_permission auth_permission_content_type_id_2f476e4b_fk_django_co; Type: FK CONSTRAINT; Schema: public; Owner: mazn
--

ALTER TABLE ONLY public.auth_permission
    ADD CONSTRAINT auth_permission_content_type_id_2f476e4b_fk_django_co FOREIGN KEY (content_type_id) REFERENCES public.django_content_type(id) DEFERRABLE INITIALLY DEFERRED;


--
-- Name: authtoken_token authtoken_token_user_id_35299eff_fk_customize_user_id; Type: FK CONSTRAINT; Schema: public; Owner: mazn
--

ALTER TABLE ONLY public.authtoken_token
    ADD CONSTRAINT authtoken_token_user_id_35299eff_fk_customize_user_id FOREIGN KEY (user_id) REFERENCES public.customize_user(id) DEFERRABLE INITIALLY DEFERRED;


--
-- Name: customize_alarm customize_alarm_user_id_d3302677_fk_customize_user_id; Type: FK CONSTRAINT; Schema: public; Owner: mazn
--

ALTER TABLE ONLY public.customize_alarm
    ADD CONSTRAINT customize_alarm_user_id_d3302677_fk_customize_user_id FOREIGN KEY (user_id) REFERENCES public.customize_user(id) DEFERRABLE INITIALLY DEFERRED;


--
-- Name: customize_booking_appointments customize_booking_ap_doctor_id_dbb44e15_fk_customize; Type: FK CONSTRAINT; Schema: public; Owner: mazn
--

ALTER TABLE ONLY public.customize_booking_appointments
    ADD CONSTRAINT customize_booking_ap_doctor_id_dbb44e15_fk_customize FOREIGN KEY (doctor_id) REFERENCES public.customize_user(id) DEFERRABLE INITIALLY DEFERRED;


--
-- Name: customize_booking_appointments customize_booking_ap_patient_id_b943a5ea_fk_customize; Type: FK CONSTRAINT; Schema: public; Owner: mazn
--

ALTER TABLE ONLY public.customize_booking_appointments
    ADD CONSTRAINT customize_booking_ap_patient_id_b943a5ea_fk_customize FOREIGN KEY (patient_id) REFERENCES public.customize_user(id) DEFERRABLE INITIALLY DEFERRED;


--
-- Name: customize_doctoravailability customize_doctoravai_doctor_id_95d9668d_fk_customize; Type: FK CONSTRAINT; Schema: public; Owner: mazn
--

ALTER TABLE ONLY public.customize_doctoravailability
    ADD CONSTRAINT customize_doctoravai_doctor_id_95d9668d_fk_customize FOREIGN KEY (doctor_id) REFERENCES public.customize_user(id) DEFERRABLE INITIALLY DEFERRED;


--
-- Name: customize_doctorsprofileinfo customize_doctorspro_user_id_e09d3648_fk_customize; Type: FK CONSTRAINT; Schema: public; Owner: mazn
--

ALTER TABLE ONLY public.customize_doctorsprofileinfo
    ADD CONSTRAINT customize_doctorspro_user_id_e09d3648_fk_customize FOREIGN KEY (user_id) REFERENCES public.customize_user(id) DEFERRABLE INITIALLY DEFERRED;


--
-- Name: customize_previoushistory customize_previoushi_receiver_id_89fc3afc_fk_customize; Type: FK CONSTRAINT; Schema: public; Owner: mazn
--

ALTER TABLE ONLY public.customize_previoushistory
    ADD CONSTRAINT customize_previoushi_receiver_id_89fc3afc_fk_customize FOREIGN KEY (receiver_id) REFERENCES public.customize_user(id) DEFERRABLE INITIALLY DEFERRED;


--
-- Name: customize_previoushistory customize_previoushi_sender_id_55b922ec_fk_customize; Type: FK CONSTRAINT; Schema: public; Owner: mazn
--

ALTER TABLE ONLY public.customize_previoushistory
    ADD CONSTRAINT customize_previoushi_sender_id_55b922ec_fk_customize FOREIGN KEY (sender_id) REFERENCES public.customize_user(id) DEFERRABLE INITIALLY DEFERRED;


--
-- Name: customize_profile customize_profile_user_id_caaa890b_fk_customize_user_id; Type: FK CONSTRAINT; Schema: public; Owner: mazn
--

ALTER TABLE ONLY public.customize_profile
    ADD CONSTRAINT customize_profile_user_id_caaa890b_fk_customize_user_id FOREIGN KEY (user_id) REFERENCES public.customize_user(id) DEFERRABLE INITIALLY DEFERRED;


--
-- Name: customize_uploadedphoto customize_uploadedph_uploader_id_ba33e724_fk_customize; Type: FK CONSTRAINT; Schema: public; Owner: mazn
--

ALTER TABLE ONLY public.customize_uploadedphoto
    ADD CONSTRAINT customize_uploadedph_uploader_id_ba33e724_fk_customize FOREIGN KEY (uploader_id) REFERENCES public.customize_user(id) DEFERRABLE INITIALLY DEFERRED;


--
-- Name: django_admin_log django_admin_log_content_type_id_c4bce8eb_fk_django_co; Type: FK CONSTRAINT; Schema: public; Owner: mazn
--

ALTER TABLE ONLY public.django_admin_log
    ADD CONSTRAINT django_admin_log_content_type_id_c4bce8eb_fk_django_co FOREIGN KEY (content_type_id) REFERENCES public.django_content_type(id) DEFERRABLE INITIALLY DEFERRED;


--
-- Name: django_admin_log django_admin_log_user_id_c564eba6_fk_customize_user_id; Type: FK CONSTRAINT; Schema: public; Owner: mazn
--

ALTER TABLE ONLY public.django_admin_log
    ADD CONSTRAINT django_admin_log_user_id_c564eba6_fk_customize_user_id FOREIGN KEY (user_id) REFERENCES public.customize_user(id) DEFERRABLE INITIALLY DEFERRED;


--
-- Name: DEFAULT PRIVILEGES FOR SEQUENCES; Type: DEFAULT ACL; Schema: public; Owner: mazn
--

ALTER DEFAULT PRIVILEGES FOR ROLE mazn IN SCHEMA public GRANT ALL ON SEQUENCES TO mazn;


--
-- Name: DEFAULT PRIVILEGES FOR TABLES; Type: DEFAULT ACL; Schema: public; Owner: mazn
--

ALTER DEFAULT PRIVILEGES FOR ROLE mazn IN SCHEMA public GRANT ALL ON TABLES TO mazn;


--
-- PostgreSQL database dump complete
--

